Workbook

Sheet Tong quan
A1: 1% HUMAN (Oddly) — Kế hoạch sẵn sàng release
A2: Phân tích mã nguồn ban đầu tại commit 8c842bf (18/10/2026); cập nhật tiến độ tại commit 73f905a, ngày 25/10/2026. Android (Compose) + iOS (SwiftUI) + sharedLogic (KMP).
A4: Ưu tiên | B4: Số task | C4: Đã xong | D4: Còn lại | E4: Effort còn lại (ngày) | F4: % hoàn thành
A5: P0 — Bắt buộc trước release | B5: =COUNTIF('Todo Release'!$E$2:$E$36,"P0") | C5: =COUNTIFS('Todo Release'!$E$2:$E$36,"P0",'Todo Release'!$J$2:$J$36,"Xong") | D5: =B5-C5 | E5: =SUMIFS('Todo Release'!$I$2:$I$36,'Todo Release'!$E$2:$E$36,"P0",'Todo Release'!$J$2:$J$36,"<>Xong") | F5: =IF(B5=0,0,C5/B5)
A6: P1 — Nên có cho v1.0 | B6: =COUNTIF('Todo Release'!$E$2:$E$36,"P1") | C6: =COUNTIFS('Todo Release'!$E$2:$E$36,"P1",'Todo Release'!$J$2:$J$36,"Xong") | D6: =B6-C6 | E6: =SUMIFS('Todo Release'!$I$2:$I$36,'Todo Release'!$E$2:$E$36,"P1",'Todo Release'!$J$2:$J$36,"<>Xong") | F6: =IF(B6=0,0,C6/B6)
A7: P2 — Sau release (v1.1+) | B7: =COUNTIF('Todo Release'!$E$2:$E$36,"P2") | C7: =COUNTIFS('Todo Release'!$E$2:$E$36,"P2",'Todo Release'!$J$2:$J$36,"Xong") | D7: =B7-C7 | E7: =SUMIFS('Todo Release'!$I$2:$I$36,'Todo Release'!$E$2:$E$36,"P2",'Todo Release'!$J$2:$J$36,"<>Xong") | F7: =IF(B7=0,0,C7/B7)
A8: Tổng | B8: =SUM(B5:B7) | C8: =SUM(C5:C7) | D8: =SUM(D5:D7) | E8: =SUM(E5:E7) | F8: =IF(B8=0,0,C8/B8)
A10: Chức năng hiện có
A11: Hoàn thành | B11: =COUNTIF('Chuc nang hien co'!$F$2:$F$21,"Hoàn thành")
A12: Một phần / có vấn đề | B12: =COUNTIF('Chuc nang hien co'!$F$2:$F$21,"Một phần")
A14: Đánh giá nhanh
A15: • Kiến trúc tốt: logic dùng chung KMP, UI native, offline hoàn toàn, song ngữ. Có 274 unit test shared + UI test smoke (6 Android, 5 iOS), hỗ trợ TalkBack/VoiceOver, cỡ chữ lớn, màu chữ đạt WCAG AA.
A16: • Đã sửa 3 lỗi logic chặn phát hành (T-01 giờ hoàn thành, T-02 đổi ngày qua nửa đêm, T-03 farm XP) và hầu hết P1 code; các task đó còn chờ QA tay trên thiết bị thật.
A17: • Việc chặn phát hành còn lại cần người làm: thủ tục store (T-10, T-11, T-14…T-17, T-19…T-21), duyệt nội dung + xác minh nguồn quote (T-26, T-27), duyệt bảng màu neon theme Sáng (T-23C), QA tay thiết bị thật.
A18: • Google Play (tài khoản cá nhân mới) yêu cầu closed test 12 tester × 14 ngày → nên bắt đầu sớm, chạy song song với việc sửa P1.
A20: Cách dùng
A21: • Sheet 'Todo Release': cập nhật cột Trạng thái (Chưa làm / Đang làm / Xong / Bỏ qua), Người phụ trách, Ghi chú (ô nền vàng nhạt). Bảng trên tự tính lại.
A22: • Effort là ước lượng thô (ngày công 1 dev quen codebase), chưa gồm thời gian chờ review của store.
A23: • Ưu tiên: P0 = chặn release · P1 = nên có ở v1.0 · P2 = để v1.1+.

Sheet Chuc nang hien co
A1: ID | B1: Nhóm | C1: Chức năng / Màn hình | D1: Mô tả hiện trạng | E1: Nền tảng | F1: Trạng thái | G1: Ghi chú / Vấn đề
A2: F01 | B2: Khởi động | C2: Splash (S01) | D2: Màn hình splash tối, tự chuyển sang Onboarding (lần đầu) hoặc Home. | E2: Cả hai | F2: Hoàn thành | G2: Android dùng core-splashscreen (T-29): chỉ còn 1 splash hệ thống (nền + icon), bỏ tagline; iOS giữ màn splash có tagline.
A3: F02 | B3: Onboarding | C3: Giới thiệu + chọn lĩnh vực + giờ nhắc (S02–S04) | D3: 3 bước: giới thiệu, chọn lĩnh vực quan tâm (6 lĩnh vực), chọn giờ nhắc (4 mốc) và xin quyền thông báo. Có nút Bỏ qua. Sau khi xong, thử thách hôm nay được chọn lại theo sở thích. | E3: Cả hai | F3: Hoàn thành | G3: "Bỏ qua" không tắt nhắc nhở (khác "Để sau" ở màn quyền) — hành vi có sẵn, chờ quyết định sản phẩm.
A4: F03 | B4: Thử thách | C4: Home – Thử thách hôm nay (S05) | D4: Thẻ thử thách hôm nay, streak + dải 7 ngày, số thử thách đã làm, Level/XP, câu trích dẫn trong ngày. | E4: Cả hai | F4: Hoàn thành
A5: F04 | B5: Thử thách | C5: Chi tiết thử thách (S06) | D5: Tiêu đề, lĩnh vực, độ khó, thời gian ước tính, 'Vì sao quan trọng', 'Cách làm' từng bước, nút Hoàn thành / Đổi thử thách. | E5: Cả hai | F5: Hoàn thành | G5: Giờ hoàn thành là giờ thật (T-01). Chỉ 1 hoàn thành/ngày cho thử thách hôm nay (T-03).
A6: F05 | B6: Thử thách | C6: Màn hình phần thưởng (S07) | D6: Hiển thị XP, % Humanity, lên level, streak, quote; nút Chia sẻ / Thử thách khác / Xong. | E6: Cả hai | F6: Hoàn thành
A7: F06 | B7: Thử thách | C7: Đổi thử thách: Ngẫu nhiên / Theo lĩnh vực (S08, S09) | D7: Đổi thử thách hôm nay, ngẫu nhiên hoặc giới hạn trong 1 lĩnh vực. Tối đa 3 lượt đổi/ngày (đổi và "Chọn làm thử thách hôm nay" dùng chung); skippedCount +1 tối đa 1 lần/ngày. | E7: Cả hai | F7: Hoàn thành | G7: Giới hạn lượt đổi (T-04). Còn QA tay.
A8: F07 | B8: Thử thách | C8: Tất cả thử thách (S20) | D8: Duyệt toàn bộ thư viện 216 thử thách, mở chi tiết, "Chọn làm thử thách hôm nay". | E8: Cả hai | F8: Hoàn thành | G8: Hết farm XP: 1 hoàn thành/ngày (T-03). Thư viện 216 thử thách (T-26B).
A9: F08 | B9: Logic | C9: Thuật toán chọn thử thách | D9: Weighted random: cooldown 30 ngày, ưu tiên lĩnh vực quan tâm, tăng trọng số lĩnh vực ít làm trong 14 ngày, ưu tiên độ khó theo level (≤3 Dễ, ≤8 Vừa, còn lại Khó). Chọn 1 lần/ngày và lưu lại. | E9: Shared (KMP) | F9: Hoàn thành | G9: Có unit test.
A10: F09 | B10: Gamification | C10: XP / Level / Streak / % Humanity | D10: XP theo độ khó (10/20/35), XP lên level = 150 + 50×level. Streak không bị phạt khi gãy; chuỗi kết thúc hôm qua vẫn tính là hiện tại. | E10: Shared (KMP) | F10: Hoàn thành
A11: F10 | B11: Hành trình | C11: Journey + Lịch tháng + Streak (S10, S11, S13) | D11: Tổng quan hành trình, lịch theo tháng đánh dấu ngày đã làm, chi tiết từng ngày, màn hình streak (hiện tại / tốt nhất). | E11: Cả hai | F11: Hoàn thành
A12: F11 | B12: Thống kê | C12: Statistics (S12) + Empty state (S19) | D12: Lọc Tuần/Tháng/Năm/Tất cả, biểu đồ cột 7 cột, so sánh với kỳ trước, phân bố theo lĩnh vực, lĩnh vực hoạt động nhiều nhất, tỷ lệ hoàn thành. Empty state khi chưa có dữ liệu. | E12: Cả hai | F12: Hoàn thành
A13: F12 | B13: Nội dung | C13: Quotes (S14) | D13: 60 câu trích dẫn song ngữ (có nguồn), 1 câu/ngày, vuốt xem các câu khác, yêu thích lưu bền, chip lọc Tất cả / Đã thích. | E13: Cả hai | F13: Một phần | G13: Yêu thích lưu bền (T-05, PersistedState v3). Quote 12 → 60 (T-26A). Còn: người dùng duyệt docs/content-review.md, xác minh nguồn các câu CẦN XÁC MINH (T-27).
A14: F13 | B14: Cài đặt | C14: Settings (S15) | D14: Theme, Ngôn ngữ, Nhắc nhở + giờ nhắc, Âm thanh & rung, Xuất / Nhập dữ liệu JSON, mục Hỗ trợ & pháp lý (Đánh giá, Liên hệ & góp ý, Chính sách quyền riêng tư, Giới thiệu với version từ build), Xóa toàn bộ dữ liệu. Cảnh báo khi quyền thông báo bị tắt. | E14: Cả hai | F14: Hoàn thành | G14: T-06, T-12, T-13. Hàng Đánh giá trên iOS ẩn tới khi có App Store ID (T-17).
A15: F14 | B15: Chia sẻ | C15: Share card (S18) | D15: Render thẻ thành tích thành PNG (nền đã flatten), chia sẻ qua share sheet hệ thống kèm caption + link/hashtag. Android dùng FileProvider (chỉ thư mục cache). | E15: Cả hai | F15: Hoàn thành | G15: Thẻ luôn tối, khoá cỡ chữ (T-07, T-23B); link lil-dua.github.io/projects/oddly (T-10) — cần đăng trang landing trước khi phát hành.
A16: F15 | B16: Thông báo | C16: Nhắc nhở hằng ngày (S16) | D16: Android: AlarmManager tự re-arm, BootReceiver khôi phục sau reboot/cập nhật/đổi giờ/đổi múi giờ. iOS: lên lịch 14 ngày theo ngày địa phương, dựng lại khi sang ngày/hoàn thành, nhắc cuối "Lâu rồi không gặp". Không nhắc khi hôm nay đã xong; copy "giữ chuỗi" khi chuỗi ≥ 3. | E16: Cả hai | F16: Hoàn thành | G16: Đã xử lý T-08, T-09. Còn QA tay (đổi múi giờ khi app bị kill).
A17: F16 | B17: Dữ liệu | C17: Lưu trữ local (offline-first) | D17: Một tài liệu JSON (kotlinx.serialization) trong SharedPreferences (commit) / UserDefaults, version 3, migrate từng bước v1→v2→v3, từ chối version tương lai. Có Nhập dữ liệu (≤ 5 MB) và backup hệ thống (Android data_extraction_rules / iCloud). Không mạng, không tài khoản. | E17: Shared + Cả hai | F17: Hoàn thành | G17: Import + backup (T-13), test migration có fixture v1/v2 (T-35).
A18: F17 | B18: Đa ngôn ngữ | C18: Song ngữ Việt / Anh trong app | D18: Toàn bộ chuỗi UI qua interface Strings (thiếu bản dịch → không compile), kể cả nhãn trợ năng; nội dung LocalizedText, DateFormat tự viết. | E18: Shared (KMP) | F18: Hoàn thành
A19: F18 | B19: Nội dung | C19: Seed content | D19: 216 thử thách (36/lĩnh vực, mỗi lĩnh vực 12 Dễ / 12 Vừa / 12 Khó), 60 quote, bộ câu nhắc xoay vòng. | E19: Shared (KMP) | F19: Một phần | G19: Mở rộng ở T-26A/B. Còn: người dùng duyệt docs/content-review-challenges.md và thêm 96 id mới vào PublishedContent.kt trước khi phát hành.
A20: F19 | B20: Chất lượng | C20: Unit test | D20: 274 test sharedLogic/commonTest (JVM + Kotlin/Native): logic, migration, nội dung, tương phản màu, câu đọc trợ năng. UI test: Android 6 Compose test trên emulator, iOS 5 XCUITest (smoke, đổi ngày, 1 hoàn thành/ngày). | E20: Shared (KMP) | F20: Hoàn thành | G20: UI test thêm ở T-24. Luồng ngoài smoke vẫn QA tay.
A21: F20 | B21: Release | C21: Cấu hình build & store | D21: Android: R8 + shrink resources, proguard, signing từ keystore.properties, version từ iosApp/Configuration/Version.xcconfig (dùng chung). iOS: iPhone-only, portrait, deployment target 17.0, PrivacyInfo.xcprivacy, scheme dùng chung có UI test. Có privacy policy, store listing song ngữ, docs/release-process.md. | E21: Cả hai | F21: Một phần | G21: Version một nguồn + script bump (T-28), iOS 17 (T-18), giám sát crash không SDK (T-22). Còn placeholder: TEAM_ID, keystore, tên/email nhà phát triển, link thương hiệu (T-10, T-11, T-14…T-17).

Sheet Todo Release
A1: ID | B1: Nhóm | C1: Hạng mục | D1: Nền tảng | E1: Ưu tiên | F1: Hiện trạng / Vấn đề | G1: Gợi ý sửa đổi | H1: File liên quan | I1: Effort (ngày) | J1: Trạng thái | K1: Người phụ trách | L1: Ghi chú
A2: T-01 | B2: Bug / Logic | C2: Giờ hoàn thành bị gán cứng 09:41 | D2: Cả hai | E2: P0 | F2: OddlyAppState.complete() có tham số mặc định at = 09:41 và mọi chỗ gọi đều không truyền giờ → mọi completion lưu completedAt = 09:41. Lịch/chi tiết ngày hiển thị sai và sắp xếp theo giờ vô nghĩa. | G2: Lấy giờ thực tế: Clock.System.now().toLocalDateTime(TimeZone.currentSystemDefault()).time (thêm helper Now.localTime() trong core/time cạnh Today). Bỏ giá trị mặc định để không ai quên truyền. | H2: androidApp/src/main/kotlin/dev/lildua/oddly/ui/state/OddlyAppState.kt; iosApp/iosApp/State/OddlyAppState.swift; sharedLogic/src/commonMain/kotlin/dev/lildua/oddly/core/time/Today.kt | I2: 0.5 | J2: Xong | K2: Claude (team-run) | L2: Đã sửa 18/10/2026: Today.now() + DailyChallengeRules.complete dùng giờ thật. Giá trị 09:41 đã lưu không khôi phục được. Review APPROVE.
A3: T-02 | B3: Bug / Logic | C3: Ngày 'hôm nay' bị cố định lúc khởi tạo app | D3: Cả hai | E3: P0 | F3: today được tính 1 lần khi tạo state. Nếu app ở nền qua nửa đêm (rất phổ biến), hoàn thành sẽ ghi vào ngày hôm qua, streak/dải 7 ngày sai, và không có thử thách mới cho ngày mới tới khi process bị kill. | G3: Biến today thành state có thể cập nhật: Android lắng nghe Lifecycle ON_RESUME (+ ACTION_DATE_CHANGED/TIME_SET), iOS dùng scenePhase == .active (+ NSCalendarDayChanged). Khi ngày đổi: gọi lại OddlyRepository.resolveDailyChallenge, persist, cập nhật UI. Thêm unit test cho chuyển ngày. | H3: androidApp/src/main/kotlin/dev/lildua/oddly/ui/state/OddlyAppState.kt; androidApp/src/main/kotlin/dev/lildua/oddly/OddlyApp.kt; iosApp/iosApp/State/OddlyAppState.swift; iosApp/iosApp/OddlyRootView.swift | I3: 1.5 | J3: Đang làm | K3: Claude (team-run) | L3: Code xong 18/10/2026 (rollover, DAY_CHANGED, refreshDay, banner đổi ngày), review APPROVE sau 1 vòng sửa. Còn QA tay trên máy thật: xem docs/plans/T-02.md (Test report).
A4: T-03 | B4: Bug / Logic | C4: Có thể farm XP qua 'Tất cả thử thách' | D4: Cả hai | E4: P0 | F4: Màn All Challenges cho mở và hoàn thành bất kỳ thử thách nào; giới hạn chỉ là 1 lần/thử thách/ngày → 1 ngày có thể làm 120 thử thách, XP/level/thống kê/tỷ lệ bị lạm phát, mất ý nghĩa 'mỗi ngày 1 thử thách'. | G4: Chốt luật sản phẩm: (a) chỉ thử thách hôm nay được tính XP, các thử thách khác ở chế độ 'xem trước'; hoặc (b) cho làm thêm nhưng giới hạn N bonus/ngày với XP giảm. Áp luật trong shared layer (một use case CompleteChallenge) để 2 nền tảng không lệch. | H4: androidApp/src/main/kotlin/dev/lildua/oddly/OddlyApp.kt; androidApp/src/main/kotlin/dev/lildua/oddly/ui/screens/challenge/AllChallengesScreen.kt; iosApp/iosApp/Screens/Challenge/AllChallengesScreen.swift | I4: 1 | J4: Đang làm | K4: Claude (team-run) | L4: Code xong 18/10/2026: chỉ 1 hoàn thành/ngày cho thử thách hôm nay, "Chọn làm thử thách hôm nay", chặn 4 đường farm. Review APPROVE. Còn QA tay: xem docs/plans/T-03.md (Test report).
A5: T-04 | B5: Bug / Logic | C5: Đổi thử thách không giới hạn & làm sai tỷ lệ hoàn thành | D5: Cả hai | E5: P1 | F5: reroll() không giới hạn số lần, mỗi lần +1 skippedCount → người dùng bấm 'Ngẫu nhiên' vài lần để tìm thử thách ưng ý là tỷ lệ hoàn thành tụt mạnh. Store listing hứa 'đổi bằng 1 chạm'. | G5: Giới hạn 2–3 lượt đổi/ngày (hiển thị số lượt còn lại), và chỉ tính skipped tối đa 1 lần/ngày hoặc chỉ khi ngày kết thúc mà chưa hoàn thành. Lưu rerollsToday vào DailyChallenge (dùng luôn trường status đang bỏ trống). | H5: androidApp/src/main/kotlin/dev/lildua/oddly/ui/state/OddlyAppState.kt; iosApp/iosApp/State/OddlyAppState.swift; sharedLogic/src/commonMain/kotlin/dev/lildua/oddly/domain/model/DailyChallenge.kt | I5: 1 | J5: Đang làm | L5: Code xong 18/10/2026: tối đa 3 lượt đổi/ngày (reroll + adopt dùng chung), skippedCount +1 tối đa 1 lần/ngày, PersistedState v2 (swapsUsed). Review APPROVE. Còn QA tay: xem docs/plans/T-04_T-35.md (Test report).
A6: T-05 | B6: Bug / Logic | C6: Quote yêu thích không được lưu | D6: Cả hai | E6: P1 | F6: favorites dùng remember / @State trong QuotesScreen → mất khi rời màn hình. Quote.isFavorite trong model không được dùng. | G6: Thêm favoriteQuoteIds: Set<String> vào PersistedState (tăng CURRENT_VERSION = 2, viết nhánh migrate trong decode + test). Thêm màn/tab 'Đã yêu thích'. Hoặc ẩn nút tim nếu chưa kịp. | H6: androidApp/src/main/kotlin/dev/lildua/oddly/ui/screens/quotes/QuotesScreen.kt; iosApp/iosApp/Screens/Quotes/QuotesScreen.swift; sharedLogic/src/commonMain/kotlin/dev/lildua/oddly/data/local/PersistedState.kt; OddlyRepository.kt | I6: 1 | J6: Đang làm | L6: Code xong 19/10/2026: favorites lưu bền (PersistedState v3, favoriteQuoteIds), chip "Tất cả / Đã thích" ở S14, "Xóa tất cả dữ liệu" xoá luôn favorites. Review APPROVE. Còn QA tay: xem docs/plans/T-05.md.
A7: T-06 | B7: Bug / Logic | C7: Toggle 'Âm thanh & rung' không có tác dụng | D7: Cả hai | E7: P1 | F7: Android: không có haptic/âm thanh nào trong app, toggle chỉ lưu giá trị. iOS: chỉ dùng cho âm thanh thông báo. Người dùng bật/tắt mà không thấy khác biệt → cảm giác lỗi. | G7: Thêm haptic khi hoàn thành / lên level / chọn lĩnh vực (Android HapticFeedback/Vibrator, iOS .sensoryFeedback) và âm thanh ăn mừng ngắn ở màn phần thưởng, đều tôn trọng setting. Nếu không làm kịp: bỏ toggle khỏi Settings cho v1.0. | H7: androidApp/src/main/kotlin/dev/lildua/oddly/ui/screens/settings/SettingsScreen.kt; androidApp/src/main/kotlin/dev/lildua/oddly/ui/screens/challenge/ChallengeCompleteScreen.kt; iosApp/iosApp/Screens/Challenge/ChallengeCompleteScreen.swift | I7: 1 | J7: Đang làm | L7: Code xong 19/10/2026 (chốt: rung + âm hệ thống, không tệp âm thanh): rung khi hoàn thành / lên level (mạnh hơn) / chọn lĩnh vực, âm hệ thống ngắn khi nhận thưởng, preview khi bật toggle; toggle cũng tắt âm thông báo Android. Không thêm quyền. Review APPROVE. Còn QA tay trên máy thật: xem docs/plans/T-06.md.
A8: T-07 | B8: Bug / UI | C8: Theme Sáng: status bar & ảnh chia sẻ | D8: Android (+ kiểm tra iOS) | E8: P1 | F8: MainActivity cố định SystemBarStyle.dark → ở theme Sáng icon status/navigation bar màu trắng trên nền sáng (không nhìn thấy). ShareImageExport luôn flatten lên nền tối kể cả khi thẻ ở theme sáng. | G8: Đổi system bar style theo themeMode hiện tại (SystemBarStyle.auto / gọi lại enableEdgeToEdge khi theme đổi). Flatten ảnh share bằng màu nền của palette đang dùng. QA toàn bộ màn hình ở theme Sáng trên cả 2 nền tảng. | H8: androidApp/src/main/kotlin/dev/lildua/oddly/MainActivity.kt; androidApp/src/main/kotlin/dev/lildua/oddly/ui/screens/share/ShareImageExport.kt; androidApp/src/main/kotlin/dev/lildua/oddly/ui/theme/Theme.kt | I8: 0.5 | J8: Đang làm | L8: Code xong 19/10/2026: system bar theo theme trong app (đổi ngay cả khi đổi dark mode hệ thống), thẻ chia sẻ luôn tối trên cả hai nền tảng (sửa chữ khó đọc ở theme Sáng). Review APPROVE sau 1 vòng sửa. Còn QA tay: xem docs/plans/T-07_T-29.md.
A9: T-08 | B9: Thông báo | C9: Vẫn nhắc dù đã hoàn thành hôm nay | D9: Cả hai | E9: P1 | F9: Thông báo luôn gửi theo giờ đã đặt, kể cả khi người dùng đã làm xong thử thách → cảm giác spam, dễ bị tắt thông báo. | G9: iOS: khi complete() thì removePendingNotificationRequests cho id của hôm nay. Android: ReminderReceiver đọc OddlyRepository (SharedPreferencesStore) và bỏ qua nếu đã có completion ngày hôm nay (vẫn re-arm ngày mai). Có thể đổi copy thành 'giữ streak' khi streak ≥ 3. | H9: androidApp/src/main/kotlin/dev/lildua/oddly/notifications/ReminderReceiver.kt; iosApp/iosApp/Notifications/ReminderScheduler.swift | I9: 0.5 | J9: Đang làm | L9: Code xong 18/10/2026: ReminderPlanner (shared) — đã xong hôm nay thì không nhắc, gỡ thông báo đã hiện khi hoàn thành, copy "giữ chuỗi" khi chuỗi tới hôm qua ≥ 3. Review APPROVE. Còn QA tay: xem docs/plans/T-08_T-09.md.
A10: T-09 | B10: Thông báo | C10: Đổi múi giờ / giờ hệ thống làm lệch lời nhắc | D10: Cả hai | E10: P1 | F10: Android BootReceiver chỉ xử lý BOOT_COMPLETED & MY_PACKAGE_REPLACED; alarm đặt theo epoch millis nên khi đổi múi giờ/giờ hệ thống sẽ kêu sai giờ. iOS tính dayIndex = epoch/86400 theo UTC → copy có thể lệch ngày so với giờ địa phương. iOS chỉ lên lịch 14 ngày: không mở app >14 ngày là hết nhắc. | G10: Android: thêm ACTION_TIMEZONE_CHANGED, ACTION_TIME_CHANGED (TIME_SET) vào BootReceiver; đăng ký LOCKED_BOOT_COMPLETED nếu cần. iOS: dùng ngày địa phương (Calendar) để tính dayIndex; thêm 1 thông báo cuối cùng kiểu 'Lâu rồi không gặp' ở ngày 14. | H10: androidApp/src/main/kotlin/dev/lildua/oddly/notifications/BootReceiver.kt; androidApp/src/main/AndroidManifest.xml; iosApp/iosApp/Notifications/ReminderScheduler.swift | I10: 0.5 | J10: Đang làm | L10: Code xong 18/10/2026: Android BootReceiver nhận TIME_SET/TIMEZONE_CHANGED; iOS dayIndex theo ngày địa phương, dựng lại lịch khi sang ngày/hoàn thành, nhắc cuối cửa sổ 14 ngày "Lâu rồi không gặp". Không dùng LOCKED_BOOT_COMPLETED. Review APPROVE. Còn QA tay (Android #5–6 khi app bị kill): xem docs/plans/T-08_T-09.md.
A11: T-10 | B11: Store / Thương hiệu | C11: Placeholder thương hiệu trên share card | D11: Shared | E11: P0 | F11: Brand.SHORT_LINK = '1percenthuman.app' và HANDLE = '@1percenthuman' là placeholder, đang in lên mọi ảnh chia sẻ. Nếu domain/handle không thuộc về bạn → dẫn người nhận sang chỗ khác, có thể vi phạm thương hiệu. | G11: Đăng ký domain + landing page đơn giản (có link 2 store, có thể dùng GitHub Pages cùng privacy policy) và handle mạng xã hội; hoặc tạm thay bằng link store. Cập nhật Brand.kt. | H11: sharedLogic/src/commonMain/kotlin/dev/lildua/oddly/core/text/Brand.kt | I11: 0.5 | J11: Đang làm | L11: Code xong 25/10/2026: share card + caption dùng lil-dua.github.io/projects/oddly (Brand.WEBSITE_URL), bỏ handle @1percenthuman, giữ hashtag. Landing đã đăng (HTTP 200); bản thiết kế mới ở docs/landing/index.html cần đăng lại. Review APPROVE. Còn: QA thẻ share 9:16/1:1. Xem docs/plans/T-10_T-12.md.
A12: T-11 | B12: Store / Pháp lý | C12: Hoàn thiện & host Privacy Policy | D12: Cả hai | E12: P0 | F12: docs/privacy-policy.html còn [TÊN NHÀ PHÁT TRIỂN], [EMAIL LIÊN HỆ], [DEVELOPER NAME], [CONTACT EMAIL]. Cả 2 store bắt buộc URL privacy policy hoạt động. | G12: Điền thông tin, bật GitHub Pages cho /docs (hoặc host trên landing page), kiểm tra URL công khai; dán vào Play Console và App Store Connect. | H12: docs/privacy-policy.html | I12: 0.25 | J12: Xong | L12: Xong 25/10/2026: điền nhà phát triển Lil Dua + email huuthom.it@gmail.com, host tại https://lil-dua.github.io/projects/oddly/privacy/privacy-policy.html (bản 19/10/2026, có backup/import/chẩn đoán). Nguồn: docs/privacy-policy.html — sửa xong phải đăng lại. Còn: dán URL vào Play Console / App Store Connect (T-16, T-17).
A13: T-12 | B13: Cài đặt | C13: Thêm mục Pháp lý / Hỗ trợ trong Settings | D13: Cả hai | E13: P1 | F13: Settings chưa có: Chính sách quyền riêng tư, Liên hệ / Góp ý, Đánh giá ứng dụng. Phiên bản '1.0' bị viết cứng trong Strings (settingsFooter, aboutBody). | G13: Thêm các row mở URL policy, email liên hệ (hiển thị địa chỉ), link store. Lấy version từ BuildConfig.VERSION_NAME / CFBundleShortVersionString thay vì hardcode, truyền vào Strings dạng hàm. | H13: androidApp/src/main/kotlin/dev/lildua/oddly/ui/screens/settings/SettingsScreen.kt; iosApp/iosApp/Screens/Settings/SettingsScreen.swift; sharedLogic/src/commonMain/kotlin/dev/lildua/oddly/core/text/Strings.kt | I13: 0.5 | J13: Đang làm | L13: Code xong 25/10/2026: mục "Hỗ trợ & pháp lý" — Đánh giá (Android Play; iOS ẩn tới khi có APP_STORE_ID ở T-17), Liên hệ & góp ý (email hiện dạng chữ), Chính sách quyền riêng tư, Giới thiệu (version từ build). Fallback sao chép địa chỉ khi không mở được. Review APPROVE. Còn: QA tay TalkBack/VoiceOver, điền APP_STORE_ID. Xem docs/plans/T-10_T-12.md.
A14: T-13 | B14: Dữ liệu | C14: Nhập (Import) dữ liệu & sao lưu | D14: Cả hai | E14: P1 | F14: Có Export JSON nhưng không có Import (OddlyRepository.importJson không được gọi) → đổi máy/cài lại là mất streak. allowBackup=true nhưng chưa khai báo dataExtractionRules/fullBackupContent (Android 12+). | G14: Thêm 'Nhập dữ liệu' (Android: ActivityResultContracts.OpenDocument; iOS: fileImporter) có xác nhận ghi đè. Thêm res/xml/data_extraction_rules.xml + backup_rules.xml: include prefs 'oddly' & 'reminder', exclude cache. Xác nhận UserDefaults được iCloud backup trên iOS. | H14: androidApp/src/main/kotlin/dev/lildua/oddly/ui/screens/settings/; androidApp/src/main/AndroidManifest.xml; iosApp/iosApp/Screens/Settings/SettingsScreen.swift | I14: 1 | J14: Đang làm | L14: Code xong 19/10/2026: "Nhập dữ liệu" ở Settings (OpenDocument / fileImporter, giới hạn 5 MB, xác nhận ghi đè kèm tóm tắt, thay toàn bộ dữ liệu), data_extraction_rules + backup_rules (oddly.xml, reminder.xml), privacy policy/store listing cập nhật. Review APPROVE sau 1 vòng sửa. Còn QA tay (bmgr, R8, alert iOS): xem docs/plans/T-13.md.
A15: T-14 | B15: Store / Android | C15: Tạo upload key & Play App Signing | D15: Android | E15: P0 | F15: Chưa có keystore.properties / upload.jks → build release hiện unsigned. | G15: Tạo upload key theo keystore.properties.example, enroll Play App Signing, sao lưu key + mật khẩu ở 2 nơi an toàn (mất key = không update được). Build bundleRelease và cài thử qua bundletool. | H15: androidApp/build.gradle.kts; keystore.properties.example | I15: 0.25 | J15: Chưa làm
A16: T-15 | B16: Store / Android | C16: Tài khoản Play Console & yêu cầu closed testing | D16: Android | E16: P0 | F16: Tài khoản nhà phát triển cá nhân mới trên Google Play phải chạy closed test với ít nhất 12 tester liên tục 14 ngày trước khi được xin production. | G16: Đăng ký tài khoản, xác minh danh tính, tạo app, chạy Internal → Closed testing (12+ tester, 14 ngày). Tận dụng giai đoạn này để thu feedback & crash. Lên kế hoạch thời gian release tương ứng. | I16: 1 | J16: Chưa làm
A17: T-16 | B17: Store / Android | C17: Điền form Play Console | D17: Android | E17: P0 | F17: Data safety, Content rating (IARC), Target audience, App access, Ads, News app, Health apps declaration (app nằm ở Health & Fitness). | G17: Dùng câu trả lời có sẵn trong docs/store-listing.md. Lưu ý: nếu thêm crash reporting (T-22) thì phải sửa lại Data safety. | H17: docs/store-listing.md | I17: 0.5 | J17: Chưa làm
A18: T-17 | B18: Store / iOS | C18: Apple Developer, TEAM_ID & App Store Connect | D18: iOS | E18: P0 | F18: TEAM_ID trong Config.xcconfig đang để trống; chưa có App ID / record trên App Store Connect. | G18: Đăng ký Apple Developer Program, tạo App ID dev.lildua.oddly, điền TEAM_ID (không commit nếu repo public — dùng xcconfig local), archive, upload, TestFlight. Điền App Privacy (Data Not Collected), age rating, category. | H18: iosApp/Configuration/Config.xcconfig | I18: 1 | J18: Chưa làm
A19: T-18 | B19: Store / iOS | C19: Hạ iOS deployment target | D19: iOS | E19: P1 | F19: IPHONEOS_DEPLOYMENT_TARGET = 18.2 loại bỏ người dùng iOS 17. @Observable chỉ yêu cầu iOS 17. | G19: Hạ xuống 17.0, build & kiểm tra các API dùng (sensoryFeedback, ImageRenderer, ShareLink, Observation đều có từ 17). | H19: iosApp/iosApp.xcodeproj/project.pbxproj | I19: 0.5 | J19: Đang làm | L19: Code xong 19/10/2026: IPHONEOS_DEPLOYMENT_TARGET 18.2 → 17.0, không dùng API iOS 18. Review APPROVE. Còn QA tay trên máy/simulator iOS 17 (SwipeBack, fileImporter, ShareLink): xem docs/plans/T-28_T-18_T-22.md.
A20: T-19 | B20: Store / Asset | C20: Ảnh chụp màn hình & đồ họa store | D20: Cả hai | E20: P0 | F20: Chưa có screenshots / feature graphic. store-listing.md đã có kế hoạch ảnh. | G20: Play: icon 512×512, feature graphic 1024×500, 4–8 ảnh điện thoại (vi + en). App Store: ảnh 6.9" (và 6.5" nếu cần), vi + en. Nên có khung + caption marketing thay vì ảnh trần. | H20: docs/store-listing.md | I20: 1.5 | J20: Chưa làm
A21: T-20 | B21: QA | C21: Kiểm thử bản release (R8) trên thiết bị thật | D21: Android | E21: P0 | F21: R8 + shrink resources bật; kotlinx.serialization dễ bị strip khiến lưu/đọc dữ liệu hỏng âm thầm. | G21: Cài bản release (từ .aab qua bundletool), kiểm tra: lưu → kill app → mở lại, export JSON, share ảnh, thông báo, reboot. Kiểm tra mapping.txt được upload lên Play Console để deobfuscate crash. | H21: androidApp/proguard-rules.pro | I21: 0.5 | J21: Chưa làm
A22: T-21 | B22: QA | C22: Ma trận thiết bị & độ tin cậy lời nhắc | D22: Cả hai | E22: P0 | F22: minSdk 24 (Android 7) → 16; OEM như Xiaomi/Oppo/Vivo/Samsung hay kill alarm (Doze, battery saver). Chưa có checklist QA. | G22: Test tối thiểu: Android 7, 10, 13 (POST_NOTIFICATIONS), 14/15/16; 1–2 máy Xiaomi/Oppo; iPhone SE (màn nhỏ) + iPhone Pro Max. Viết test case cho onboarding, hoàn thành, đổi thử thách, qua nửa đêm, đổi ngôn ngữ/theme, xóa dữ liệu, từ chối quyền. Cân nhắc hướng dẫn tắt tối ưu pin trên OEM. | I22: 2 | J22: Chưa làm
A23: T-22 | B23: Giám sát | C23: Crash reporting | D23: Cả hai | E23: P1 | F23: Không có crash reporting. App không có quyền INTERNET; thêm SDK sẽ phải sửa Data safety, App Privacy và privacy policy. | G23: Phương án tối thiểu (giữ cam kết offline): dựa vào Android Vitals (Play Console) + Xcode Organizer/TestFlight crash. Nếu cần chi tiết hơn: Sentry/Crashlytics, opt-in, cập nhật policy & khai báo store. | H23: androidApp/build.gradle.kts; docs/privacy-policy.html | I23: 0.5 | J23: Xong | L23: Xong 19/10/2026 (phương án tối thiểu): không thêm SDK, giám sát qua Android Vitals + Xcode Organizer/TestFlight, ghi trong docs/release-process.md; privacy policy thêm câu về báo cáo chẩn đoán của hệ điều hành. Data safety/App Privacy không đổi.
A24: T-23 | B24: Accessibility | C24: Hỗ trợ trình đọc màn hình & cỡ chữ lớn | D24: Cả hai | E24: P1 | F24: 0 contentDescription trên Android, 0 accessibilityLabel trên iOS; 28 chỗ dùng clickableNoRipple không khai báo role. Icon/ảnh vẽ bằng Canvas không có mô tả. TalkBack/VoiceOver gần như không dùng được. | G24: Thêm semantics (contentDescription, role = Button, mergeDescendants) cho icon button, thẻ, dải tuần, biểu đồ; iOS accessibilityLabel/Element. Test với font scale 1.3–2.0 & Dynamic Type, kiểm tra tương phản màu chữ phụ trên nền tối. | H24: androidApp/src/main/kotlin/dev/lildua/oddly/ui/components/; iosApp/iosApp/Components/ | I24: 2 | J24: Đang làm | L24: Code xong 24/10/2026: T-23A nhãn/vai trò/heading/live region/vùng chạm (TalkBack + VoiceOver); T-23B Dynamic Type iOS, cuộn 6 màn, giới hạn cỡ chữ, màu chữ đạt WCAG AA (PaletteSpec dùng chung). Review APPROVE. Còn: QA tay TalkBack/VoiceOver + font scale; T-23C (neon thương hiệu làm chữ trên theme Sáng) cần duyệt bảng màu. Xem docs/plans/T-23A.md, T-23B.md.
A25: T-24 | B25: Chất lượng | C25: UI test & smoke test | D25: Cả hai | E25: P1 | F25: androidApp không có test/androidTest; iOS không có UI test. Mới chỉ có unit test sharedLogic. | G25: Android: Compose UI test cho luồng onboarding → hoàn thành → phần thưởng → Journey. iOS: XCUITest smoke tương tự. Thêm test cho T-01, T-02, T-03 khi sửa. | H25: androidApp/src/androidTest (mới); iosApp (target test mới) | I25: 2 | J25: Xong | L25: Xong 24/10/2026: Android 6 Compose UI test trên emulator (smoke onboarding → hoàn thành → thưởng → Journey, T-01 giờ hoàn thành, T-02 đổi ngày ×2, T-03 một hoàn thành/ngày ×2); iOS 5 XCUITest cùng kịch bản (trừ T-01). Id dùng chung UiTestTags, đồng hồ ghim Today.pinForTesting, hook chỉ DEBUG. Review APPROVE. Lệnh chạy trong .claude/CLAUDE.md. Xem docs/plans/T-24.md.
A26: T-25 | B26: Chất lượng | C26: CI build & test | D26: Cả hai | E26: P2 | F26: Chưa có CI. | G26: GitHub Actions: chạy :sharedLogic:testAndroidHostTest + iosSimulatorArm64Test, assembleRelease, xcodebuild build; lint. Tùy chọn Fastlane để upload. | H26: .github/workflows (mới) | I26: 1 | J26: Chưa làm
A27: T-26 | B27: Nội dung | C27: Tăng nội dung thử thách & quote | D27: Shared | E27: P1 | F27: 120 thử thách (spec beta ~240). Chỉ 12 quote → câu trong ngày lặp lại sau 12 ngày, người dùng nhận ra ngay tuần thứ 2. | G27: Mục tiêu v1.0: ≥ 60 quote, ≥ 180–240 thử thách cân đối độ khó (đặc biệt Khó cho level ≥ 9). SeedContentTest đã kiểm tra toàn vẹn. | H27: sharedLogic/src/commonMain/kotlin/dev/lildua/oddly/data/seed/ChallengeSeed.kt; QuoteSeed.kt | I27: 3 | J27: Đang làm | L27: Code xong 24/10/2026: quote 12 → 60 (T-26A), thử thách 120 → 216 (T-26B1 +47 Khó, T-26B2 +29 Dễ +20 Vừa; mỗi ô lĩnh vực × độ khó 12, mỗi lĩnh vực 36). Review APPROVE. Còn: duyệt docs/content-review.md + docs/content-review-challenges.md, thêm 96 id mới vào PublishedContent.kt trước khi phát hành, QA tay. Xem docs/plans/T-26A.md, T-26B1.md, T-26B2.md.
A28: T-27 | B28: Nội dung / Pháp lý | C28: Rà soát nội dung & bản quyền trích dẫn | D28: Shared | E28: P1 | F28: Cần người bản xứ đọc lại vi/en; một số quote của tác giả còn bản quyền (VD James Clear). Kiểm tra tên '1% HUMAN' có trùng nhãn hiệu / app khác trên store. | G28: Review ngôn ngữ, kiểm tra nguồn gốc & attribution quote, tra cứu nhãn hiệu và tên app trên 2 store trước khi in lên marketing. | H28: sharedLogic/src/commonMain/kotlin/dev/lildua/oddly/data/seed/QuoteSeed.kt | I28: 1 | J28: Chưa làm | L28: Danh sách quote CẦN XÁC MINH nguồn + backlog nằm ở docs/content-review.md (mục Backlog T-27), lập trong đợt T-26A 19/10/2026.
A29: T-28 | B29: Release | C29: Chiến lược version | D29: Cả hai | E29: P1 | F29: versionCode=1 / CURRENT_PROJECT_VERSION=1 viết tay; version '1.0' lặp lại trong Strings. | G29: Đặt 1 nguồn version (gradle.properties hoặc libs.versions.toml) và tự tăng build number (CI hoặc script). Viết release notes song ngữ cho từng bản. | H29: androidApp/build.gradle.kts; iosApp/Configuration/Config.xcconfig | I29: 0.25 | J29: Xong | L29: Xong 19/10/2026: nguồn version duy nhất iosApp/Configuration/Version.xcconfig (Gradle + Xcode cùng đọc), script tools/bump-version.sh, Android/iOS dùng chung build number, release notes song ngữ ở store-listing.md mục 6. Review APPROVE. Xem docs/plans/T-28_T-18_T-22.md.
A30: T-29 | B30: UI | C30: Android 12+ hiện 2 lớp splash | D30: Android | E30: P1 | F30: Từ Android 12, hệ thống luôn hiện system splash (icon trên nền) trước khi SplashScreen tự vẽ xuất hiện → người dùng thấy 2 splash liên tiếp. | G30: Dùng androidx.core:core-splashscreen (installSplashScreen) với nền #07070C + icon, giữ splash hệ thống tới khi state load xong và bỏ/rút ngắn splash Compose. Lưu ý ràng buộc AGP/compileSdk trong README. | H30: androidApp/src/main/kotlin/dev/lildua/oddly/MainActivity.kt; androidApp/src/main/res/values/themes.xml; androidApp/src/main/kotlin/dev/lildua/oddly/ui/screens/onboarding/SplashScreen.kt | I30: 0.5 | J30: Đang làm | L30: Code xong 19/10/2026: Android dùng core-splashscreen 1.2.0, bỏ màn splash Compose (Android mất tagline, iOS giữ). Review APPROVE. Còn QA tay (một splash, icon API 24–25, bản R8): xem docs/plans/T-07_T-29.md.
A31: T-30 | B31: Dọn dẹp | C31: Xóa module sharedUI chết & cập nhật README | D31: Repo | E31: P2 | F31: sharedUI không có trong settings.gradle.kts, build file tham chiếu alias không tồn tại (composeMultiplatform, lifecycle...). README/comment còn nói 'persistence là gap', 'daily pick chưa persist', 'Room repositories' → lỗi thời, gây hiểu nhầm. | G31: Xóa thư mục sharedUI (không module nào tham chiếu tới, kể cả SystemBackHandler — app dùng BackHandler trực tiếp), sửa đầu README, comment trong ReminderScheduler/ReminderStore/README phần Daily reminder. | H31: sharedUI/; README.md; androidApp/src/main/kotlin/dev/lildua/oddly/notifications/ReminderStore.kt | I31: 0.25 | J31: Chưa làm
A32: T-31 | B32: Hiệu năng | C32: Memo hóa giá trị dẫn xuất | D32: Cả hai | E32: P2 | F32: streak, weekActivity, exploredCategoryCount, stats được tính lại mỗi lần truy cập/recompose; ChallengeSelector dùng library.firstOrNull trong vòng lặp (O(n×m)). Ổn với dữ liệu nhỏ nhưng tăng dần theo năm. | G32: Dùng derivedStateOf (Android) / cache theo completions.count (iOS), ChallengeSeed.byId hiện là all.firstOrNull (quét tuyến tính) → đổi sang Map id→Challenge, dùng chung trong selector và StatsCalculator. | H32: androidApp/src/main/kotlin/dev/lildua/oddly/ui/state/OddlyAppState.kt; sharedLogic/src/commonMain/kotlin/dev/lildua/oddly/domain/usecase/ChallengeSelector.kt | I32: 0.5 | J32: Chưa làm
A33: T-32 | B33: Tăng trưởng | C33: Lời mời đánh giá trong app | D33: Cả hai | E33: P2 | F33: Chưa có cơ chế xin đánh giá — rating ban đầu quyết định thứ hạng store. | G33: Play In-App Review API / SKStoreReviewController.requestReview sau mốc tích cực (streak 7, level up), tối đa 1 lần/quý. | I33: 0.5 | J33: Chưa làm
A34: T-33 | B34: Tính năng | C34: Widget màn hình chính (S17) | D34: Cả hai | E34: P2 | F34: Spec có S17 widget nhưng chưa làm. Widget streak/thử thách hôm nay giúp giữ chân mạnh. | G34: Android Glance widget, iOS WidgetKit (cần App Group để chia sẻ UserDefaults). Để v1.1. | I34: 3 | J34: Chưa làm
A35: T-34 | B35: Tính năng | C35: Ghi chú khi hoàn thành | D35: Cả hai | E35: P2 | F35: ChallengeCompletion.note đã có trong model nhưng chưa có UI nhập/hiển thị. | G35: Cho nhập ghi chú ngắn ở màn phần thưởng, hiển thị ở chi tiết ngày trong Lịch. Không đưa vào share card. | H35: sharedLogic/src/commonMain/kotlin/dev/lildua/oddly/domain/model/ChallengeCompletion.kt | I35: 1 | J35: Chưa làm
A36: T-35 | B36: Dữ liệu | C36: Kiểm thử migration dữ liệu | D36: Shared | E36: P1 | F36: PersistedState.version = 1, decode() chưa có nhánh migrate. Bản v1.1 (VD thêm favorites) sẽ là lần đầu đổi schema trên máy người dùng thật. | G36: Tạo fixture JSON v1 thật (export từ bản 1.0) trong commonTest, viết test đảm bảo mọi version sau đọc được nó. Chốt quy tắc: chỉ thêm trường có default. | H36: sharedLogic/src/commonMain/kotlin/dev/lildua/oddly/data/local/OddlyRepository.kt; sharedLogic/src/commonTest/ | I36: 0.5 | J36: Xong | L36: Xong 18/10/2026: fixture V1_DOCUMENT + nhánh migrate từng bước trong OddlyRepository.decode, test đọc/import version cũ. 19/10 thêm V2_DOCUMENT (sinh bằng save) khi lên v3. Review APPROVE. Xem docs/plans/T-04_T-35.md.
